name,N,M,runtime
        Rattus norvegicus,3718,5227,0.10482955
               Escherichia coli,4063,181620,2.375336885
Saccharomyces cerevisiae,7158,534073,10.17189717
   Homo sapiens,22840,318912,5.328661919
 ,9197,54806,0.874493122
 ,9626,35242,0.671583414
 ,13021,38624,0.684034586
      HIV 1,1121,1299,0.029791117
      Bos taurus,439,405,0.013384581
